<?xml version='1.0' encoding='UTF-8'?>
<!DOCTYPE QuickLink PUBLIC "sailpoint.dtd" "sailpoint.dtd">
<QuickLink action="external" category="Admin" messageKey="Manage Log Levels" name="LogLevelManager">
	<QuickLinkOptions allowSelf="true">
		<DynamicScopeRef>
			<Reference class="sailpoint.object.DynamicScope" name="LogLevelManagerPopulation"/>
		</DynamicScopeRef>
	</QuickLinkOptions>
	<Attributes>
    	<Map>
      		<entry key="url" value="plugins/pluginPage.jsf?pn=LogLevelModifier"/>
    	</Map>
  	</Attributes>
</QuickLink>